breadcrumb,name
"Home,Drinks,Cordials, Juices & Iced Teas,Iced Teas",Arizona Ice Tea With Peach 500ml
"Home,Drinks,Cordials, Juices & Iced Teas,Iced Teas",Arizona Green Tea With Honey Ice Tea 500ml
"Home,Drinks,Cordials, Juices & Iced Teas,Iced Teas",Lipton Ice Green Tea Light Lemon 1.5l
"Home,Drinks,Cordials, Juices & Iced Teas,Iced Teas",Lipton Ice Tea Peach 1.5l
"Home,Drinks,Cordials, Juices & Iced Teas,Iced Teas",Tetley Cold Infusions 4 Flavour Multipack 4 pack
"Home,Drinks,Cordials, Juices & Iced Teas,Iced Teas",Lipton Ice Tea Peach 350ml
"Home,Drinks,Cordials, Juices & Iced Teas,Iced Teas",Tetley Cold Infusions Strawberry & Watermelon 14 pack
"Home,Drinks,Cordials, Juices & Iced Teas,Iced Teas",Tetley Cold Infusions Mint Lemon & Cucumber 14 pack
"Home,Drinks,Cordials, Juices & Iced Teas,Iced Teas",Tetley Cold Infusions Raspberry & Cranberry 14 pack
"Home,Drinks,Cordials, Juices & Iced Teas,Iced Teas",Tetley Cold Infusions Orange & Peach  14 pack
"Home,Drinks,Cordials, Juices & Iced Teas,Iced Teas",Twinings Infuse Peach & Passionfruit  12 pack
"Home,Drinks,Cordials, Juices & Iced Teas,Iced Teas",Lipton Ice Tea Mango 1.5l
"Home,Drinks,Cordials, Juices & Iced Teas,Iced Teas",Fuze Ice Tea Mango 1.25l
"Home,Drinks,Cordials, Juices & Iced Teas,Iced Teas",Fuze Ice Tea Peach 1.25l
"Home,Drinks,Cordials, Juices & Iced Teas,Iced Teas",Lipton Ice Tea Lemon
"Home,Drinks,Cordials, Juices & Iced Teas,Iced Teas",Lipton Ice Tea Peach Light
"Home,Drinks,Cordials, Juices & Iced Teas,Iced Teas",Lipton Ice Tea Raspberry
"Home,Drinks,Cordials, Juices & Iced Teas,Iced Teas",Lipton Ice Tea Green Citrus
